[\s_-](\.net\|\.net\ framework\|\.net\-plattformen\|c\#\.net\|csharpdotnet\|dotnet\|dotnet\ grupp\|dotnet\ lösningar\|dotnet\ miljö\|dotnet\ miljön\|dotnet\ plattform\|dotnet\ plattformen\|dotnet\ ramverket\|dotnet\ utvecklare\|dotnet\ utveckling\|microsoft\.net)[\.\s_-],.net,.net,
[\s_-](1c\ enterprise)[\.\s_-],1c enterprise,1c enterprise,
[\s_-](1st\ line\|first\-line\ support\|firstline)[\.\s_-],first-line support,first-line support,it-support
[\s_-](2nd\ line\|second\ line\|second\-line\ support)[\.\s_-],second-line support,second-line support,it-support
[\s_-](3d\ animering)[\.\s_-],3d animering,3d,
[\s_-](3d\ grafik)[\.\s_-],3d grafik,3d,
[\s_-](3d\ studio)[\.\s_-],3d studio,3d,
[\s_-](3d\-modellering)[\.\s_-],3d modellering,3d,
[\s_-](3d\-motorer)[\.\s_-],3d motorer,3d,
[\s_-](3d\-rendering)[\.\s_-],3d rendering,3d,
[\s_-](3d\-visualisering)[\.\s_-],3d visualisering,3d,
[\s_-](3ds\ max)[\.\s_-],3ds max,3d,
[\s_-](3rd\ line\|third\ line\|third\-line\ support)[\.\s_-],third-line support,third-line support,it-support
[\s_-](5g)[\.\s_-],5g,telekommunikationsstandard,
[\s_-](a/b\ testing)[\.\s_-],a/b testning,testning,
[\s_-](aaa\ games)[\.\s_-],aaa games,aaa games,
[\s_-](aadc\|azure_ad_connect)[\.\s_-],azure active directory connect,Azure,
[\s_-](abac)[\.\s_-],attribute-based access control,,
[\s_-](abap)[\.\s_-],advanced business application programming,,
[\s_-](abb\ 800xa\|ac450\|ais)[\.\s_-],övrigt,övrigt,
[\s_-](abl)[\.\s_-],advanced business language,,
[\s_-](acceptanstester)[\.\s_-],acceptanstester,testning,
[\s_-](access\ control\|accessfrågor\|accesshantering\|accesslösningar\|accesstjänster)[\.\s_-],access control,access control,
[\s_-](act)[\.\s_-],Assistive Computer Technology,accessability,
[\s_-](actionscript)[\.\s_-],actionscript,actionscript,
[\s_-](active\ directory\|active\ directory\|active\ directory\|active\ directory\ administration\|activedirectory)[\.\s_-],active directory,windows server,
[\s_-](activebatch)[\.\s_-],activebatch,automation & scheduling,
[\s_-](activemq\|actuator\|ada\|adas\|adato\|adc\|adcs\|adform\|adfs\|\|\|\|\|alcatel\|alfresco\|\|alloy\|ampl\|amplifiers\|amq\|amqp\|annex\|ant\|antisense\|apl\|apn\|apo\|appdynamics\|appfabric\|appian\|appium\|applescript\|appliance\|arbortext\|arc\|arcgis\|arcgis\ desktop\|arcgis\ server\|archimate\|arcmap\|ars\|articulate\ storyline\|artifactory\|as2\|as400\|ascendo\|asfalt\|asic\|assa\ arx\|ati\ vision\|atm\|atp\|atrium\|ats\|attestering\|augeas\|autoit\|autosar\|avaya\|aveva\|avhs__plattform\|avhs__plattformen\|avhs__produkt\|avionik\|axis__motion__guard\|axis__produkter\|axis_video_hosting_system\|bacnet\|balsamiq\|balsamiq\ mockups\|bamboo\|bar\|barium\|baseband\|basprogram\|bastjänster\|bcp\|bdd\|beanstalk\|bearbetningssystem\|begreppsmodellering\|behovsanalys\|behovsbedömning\|behovsfångst\|behovshantering\|behovsinsamling\|behovskartläggning\|behörighetsadministration\|behörighetshantering\|behörighetskontrollsystem\|behörighetslösningar\|behörighetsområdet\|behörighetsstyrning\|behörighetssystem\|behörighetstilldelning\|benchmarking\|beräkningsmetoder\|beräkningssystem\|beräkningsunderlag\|beräkningsvetenskap\|besched\|betalkortslösningar\|betallösningar\|betalningsapplikationer\|betalningshantering\|betalningslösningar\|betalsystem\|betaltjänster\|bevakningssystem\|bgp\|bigip\|bildbankshantering\|bildsensor\|bildteknik\|bim\-projektering\|bim\-system\|bind\|bioinformatik\|bioteknik\|biovetenskap\|bis\|bison\|bitbake\|bitlocker\|biztalk\|blitzbasic\|blockskit\|bluemix\|bluespec\|bpel\|bpm\|bpmn\|brightscript\|brm\|brocade\|brocade\ san\|browserstack\|business\ intelligence\|bw\|byggnadsautomation\|byggnationer\|byggplatsuppföljning\|byggprocessen\|byggramverk\|byggscript\|byggservrar\|byggstöd\|byggsystem\|byggteknik\|byggverksamhet\|byggverktyg\|cadence\|calypso\|cam\|camel\|camtasia\|can\|canalyzer\|canape\|canoe\|canopen\|capl\|carmenta\|carrier\ ethernet\|casting\|catia\|catia\ v5\|ccdp\|ccie\|ccna\|ccna\ certifiering\|ccnp\|ccnp\ routing\|ccnp\-certifiering\|ccsa\|ccse\|cctv\-system\|cdc\|cdi\|cdp\|cdrator\|celery\|centos\|certifieringar\|certifieringsprogram\|certifikat\|certifikathantering\|certifikatsadministration\|ceylon\|cf__engine\|cfengine\|change\ management\|changehantering\|chapel\|check\ point\|checklists\|cics\|cisa\|cisco\|cisco\ asa\|cisco\ certified\|cisco\ certified\ design\ associate\|cisco\ certifiering\|cisco\ cucm\|cisco\ ios\|cisco\ nexus\|cisco\ routers\|cisco\ switchar\|ciscomiljöer\|ciscoprodukter\|ciscos\|cism\|cissp\|citect\|clean\|clearance\|clearing\|click\|cloudfront\|clr_integration\|cls\|clustering\|cm\-hantering\|cna\|cnc\|cnc\-maskiner\|cni\|cns\|cobit\|cobol\|cocoa\|codecs\|codedui\|codeigniter\|codesys\|cognos\|cognos\ tm1\|coldfusion\|common\ criteria\|common\ lisp\|common\ workflow\ language\|commvault\|compact\ framework\|compilers\|component\ pascal\|composer\|comtest\|concurrent\ programming\|confidence\ intervals\|configuration\ management\|configuring\|confluence\|connectivity\|controllerarbete\|coq\|cordova\|core\ network\|coreldraw\|corenät\|cosmic\|couchbase\|country\|cover\|coverity\|cpk\|cpld\|cpu\|cpus\|creo\|crm\|crm__system\|crm\-program\|crm\-system\|crm\-verktyg\|csa\|cti\|cucumber\|cuda\|custody\|customizing\|cvi\|cvs\|cytostatika\|dac\|danska\|dapper\|darwin\|datalogi\|datamaterial\|datamigrering\|datamodellering\|dataskydd\|dataskyddsarbete\|dataskyddsfrågor\|dataskyddslagstiftning\|dataspelsföretag\|datastruktur\|datasystem\|datateknik\|datateknisk\ utbildning\|datatjänster\|datautbildning\|datautrustning\|datauttag\|datautvinning\|datavalidering\|datavana\|datavetenskap\|datavetenskaplig\ utbildning\|datavisualisering\|dataöverföring\|datomic\|datorarkitektur\|datordrift\|datorgrafik\|datorhårdvara\|datorkommunikation\|datorkunskaper\|datorlingvistik\|datornätverk\|datorprogram\|datorseende\|datorsystem\|db2\|dbd\|dbms\|dchp\|dcpu\-16\ asm\|dcs\-system\|ddd\|debug\|debugger\|debuggers\|decoder\|dect\-telefoner\|defekter\|definiering\|delansvar\|delegering\|deletion\|delmia\|delmontage\|delning\|delphi\|demomiljöer\|derivat\|detektion\|device\ drivers\|dfa\|dft\|digital\ bildbehandling\|digital\ command\ language\|digital\ design\|digital\ marknadsföring\|digital\ signage\|digitaliseringsarbete\|digitaliseringsfrågor\|digitaliseringsområdet\|digitaliseringsprocess\|digitaliseringsprojekt\|digitaliseringstjänster\|digitaliseringsutvecklingsprojekt\|digitalkommunikation\|digitalteknik\|diktering\|dimensionering\|dimensionsmodellering\|directx\|displaysystem\|dissemination\|distansundervisning\|disti\|distribuerade\ system\|distributed\ computing\|distribution\|distributionssystem\|distributionsverktyg\|dita\|dl1\|dm\|docato\|docbook\|doe\|dojo\|dos\|dot\|dovecot\|dpcom\|dpdk\|drawing\|drm\|dropwizard\|drupal\|dsc\|dsl\|dsp\|dspace\|dtrace\|duc\|ductus\|dw\|dwdm\|dxc\|dylan\|dynamics\|dynamics\ crm\|dynamics_ax\|dynamics_nav\|dynamodb\|dynatrace\|eagle\|easymock\|ebr\|ec2\|ecc\|ecm\|ecompanion\|ecu\|edi\|edifact\|edirectory\|editing\|edp_future\|edp_mobile\|eeg\|efecte\|eiffel\|ejb\|ejb3\|ejb3\ jboss\|ekg\|electromagnetic\ compatibility\|element\|emacs\ lisp\|emarketeer\|ember\|emberscript\|emc\|emd\|emulation\|emulator\|emulatorer\|emulators\|endorsement\|endpoint\|eng\|engelska\|enhetshantering\|enovia\|entity\ framework\|epics\|epics__based\|epidemiologi\|episerver\|eplan\ p8\|eplan_p8\|epm\|erp\|erp\ systems\|erp\-lösningar\|erp\-system\|esb\|espa\|esperanto\|espresso\|estetik\|estimering\|esx\|esxi\|etcs\|ethercat\|ethiris\|etl\|etl\-verktyg\|etsi\|exadata\|exchange\ server\|extjs\|extraktion\|f5\|factor\|failover\ clustering\|fancy\|far\|fastest\|fat\|fenix\|fi\|flatpacks\|flexray\|flinto\|flume\|flux\|fme\|fme__certifierade\|fme__experter\|fme__licenser\|fmea\|fmeca\|forefront\|formatkonvertering\|formatutveckling\|forth\|fortran\|fpga\|freemarker\|freertos\|frege\|frekvensanalys\|fta\|fuse\|fw\|gamp\|gan\|gap\|gapanalys\|garp\|gasanalys\|gateway\|gateways\|gcc\ machine\ description\|gdb\|generis\|genesys\|genivi\|genshi\|geodata\|geodesi\|geometri\|geoteknik\|gerrit\|gettext\ catalog\|gherkin\|giac\|gis\|gis__program\|gis__programvaror\|gis\-arbete\|gis\-frågor\|gis\-system\|glassfish\|glp\|glsl\|gmp\|gmu\|gnuplot\|gobject\|gof\|goldengate\|golf\|goop\|gosu\|gpfs\|gradle\|grafana\|grafteori\|grails\|graph\|graphite\|graphql\|graphwalker\|grep\|grid\|groff\|groovy\|gsharp\|gsm\|gstreamer\|gts\|gwt\|gxp\|h_264\|h_265\|hadoop\|haproxy\|haxe\|hbase\|hci\|hcl\|hdfs\|help\ desk\|heroma\|hfss\|hi\-fi\|hibernate\|hil\|hindi\|hive\|hl7\|hla\|hls\|hlsl\|hmi\|hmtl\|hogia\|hrm\-system\|hsl\|htlm\|htmal\|hubspot\|hudson\|hvac\-system\|hw\-utveckling\|hy\|hydraulik\|hyperion\|hypervisor\|hypervisors\|i\.net\|i2\|i2c\|iaas\|iam\|iar\ embedded\|iar\ workbench\|ibase\|ibm\ bpm\|ibm\ integration\ bus\|ibm\ mainframe\|ibm\ mq\|ibm\ tivoli\|ibm\ websphere\|icinga\|icp\|ics\|idesk\|idl\|idm\|idm__gruppering\|idm__området\|idriftsättning\|idrifttagning\|idris\|ids\|iec61508\|ifacts\|ifix\|ifs\|ifs\ applications\|iga\|igor\ pro\|iipax\|iis\|ikt\|ikt\-frågor\|ilcms\|ils\|image\ processing\|imageready\|imi\ supply\ chain\|impa\|impala\|ims\|inca\|incidenthantering\|incidentstatistik\|incidentutredningar\|incitamentsprogram\|industriautomation\|industriella\ styrsystem\|infoblox\|inform\ 7\|informatica\|informatica\ powercenter\|informix\|infotainmentsystem\|ingres\|inno\ setup\|integration\|integrationsramverk\|integritetsskydd\|intellij\|intellij\ idea\|interface\|internetmarknadsföring\|interoperabilitet\|intervention\|inventor\|inversion\|invision\|io\|ioc\|ioc__ramverk\|ipma\|iprint\|ir\|irm\|ironport\|isabelle\|iscsi\|iseb\|iseries\|ismp\|istqb\|istqb\ certifiering\|istqb\ foundation\|itil\|itil\ foundation\|itp\|its\|j2\|jaas\|jakarta\ ee\|jakt\|jautomate\|jax__rs\|jax__ws\|jax\-rs\|jaxb\|jbehave\|jboss\|Jboss_Fuse\|jca\|jcat\|jcl\|jdbc\|jee\|jeeves\|jeeves__världen\|jenkins\|jetty\|jmeter\|jms\|jmx\|joomla\|jpa\|jquery\|jsf\|jsp\|jstl\|jtag\|julia\|juniper\|junit\|junos\|jvm\|kanalisation\|kanzi\|kaseya\|kassanova\|kassasystem\|katalys\|kemp\|kendo\ ui\|keras\|kernel\|kibana\|kicad\|kicad\ layout\|kimball\|kinesis\|kml\|krl\|ksh\|kub\|l2tp\|lamp\|lan\|lan\-tjänster\|landesk\|lasso\|latex\|lauterbach\|lca\|lcc\|ldap\|leaflet\|leanft\|leasing\|lex\|libraries\|libraries\ like\|lidar\|liferay\|lightbend\|lilypond\|limbo\|lin\|linearization\|lingvistik\|linq\|liquibase\|liquid\|livelink\|livescript\|llrf\|llvm\|logix\|logos\|logtalk\|lonworks\|lookml\|loomscript\|lou\|lsl\|lsmw\|lss\|lte\|lustre\|luta\|lxc\|m4\|ma\|maconomy\|madcap\ flare\|magenta\|magento\|magicad\|magneto\|maintenix\|mako\|managering\|manageringsplattformar\|manageringssystem\|mandarin\|mantis\|mapforce\|mapinfo\|mappningar\|maskinteknik\|masspektrometri\|masterdata\|masterdataförvaltning\|masterdatahantering\|mastintyg\|matematisk\ modellering\|matematisk\ statistik\|mathematica\|matrisorganisation\|matrix\|maven\|max\|maximo\|maxscript\|mbse\|mcafee\|mcsa\|mcts\|mcu\|mcv\|mdi\|mdm\|mdt\|mediawiki\|medspeech\|melior\|memcached\|memory\ management\|meraki\|mercur\|mercurial\|mercury\|meridian\|mes__system\|mesh\|meson\|message\ broker\|message\ brokers\|message\ queues\|message\ queuing\|messaging\|metadatahantering\|metadatastandarder\|metavision\|mfc\|mi\|microstation\|microwave\|mifare\|mios\|mips\|mirah\|misra\|mission\|mlir\|mobx\|mocha\|mock\|mockito\|mocknings__ramverk\|mod__bus\|modbus\|mode\|modelica\|modula\-2\|mom\|monitor\|monitoreringssystem\|monitoreringsverktyg\|monkey\|mono__tillämpningar\|montering\|monteringsutrustning\|moonscript\|moq\|moshell\|most\|motion\ capture\|movex\|mpi\|mplab\|mpls\|mpp\|mps\|mps\-system\|mql\|mql4\|mql5\|mqtt\|mri\|ms\|msmq\|msp\|mstest\|mtbf\|mule\|mulesoft\|multi\-core\|mvvm\|nac\|nagios\|nasl\|navision\|navisworks\|ncl\|nemerle\|neoload\|nesc\|netapp\|netbackup\|netbeans\|netconf\|netcool\|netflow\|netiq_identity_manager\|netlogo\|netscaler\|networking\|neuroteknik\|newrelic\|nextflow\|nfc\|nfs\|nftables\|nfv\|ngrx\|nhibernate\|nice\|nim\|nimrod\|nis\|nisch\|nix\|nlog\|nnm\|noc\|not\|notes\|novaschem\|novell_oes\|nservicebus\|nsis\|nsurlsession\|nsx\|ntp\|nuget\|nunit\|nx\|nx\-os\|nyckelhantering\|obd\|obiee\|objectstore\|obstetrix\|ocaml\|ocp\|ocra\|ocs\|octave\|octopus\ deploy\|Octopus_Deploy\|octopus_deploy\|oculus\|odbc\|oddgame\|odi\|offshore\|okulärkontroll\|olap\|olap\-kuber\|on\-line\|onsite\|ontologi\|onvif\|oo__languages\|ooa\|ooad\|ooc\|ood\|oop\|op5\|opc\|opencl\|openedge\ abl\|openembedded\|openjump\|openlayers\|openldap\|openscad\|openscenegraph\|openshift\|openstack\|openvms\|ops\|orchestration\|orchestrator\|orion\|oscilloskop\|ose\|osgi\|osix\|ospf\|osstmm\|outplacement\|owl\|oz\|p2p\|p4\|paas\|packet\ core\|pacom\|palett\|palette\|pan\|papyrus\|parametersättning\|pardot\|pascal\|patologi\|pawn\|pcb\|pcb\ design\|pcb\ layout\|pci\|pcl\|pcs\|pcs7\|pdm\|pdm\-system\|pdmlink\|pdms\|perception\|perforce\|perimeterskydd\|personec\|personec\ p\|pet\|pfsense\|pgp\|phdvirtual\|phonegap\|pic\|picolisp\|pike\|pim\-system\|ping\|pingis\|pipes\|pjässystem\|pki\|play\ framework\|playback\|plc\|plc\-system\|plm\|plm\-system\|pmbok\|pmi\|pmp\|polarion\|pollution\|pony\|portlets\|pos\|postscript\|pov\-ray\ sdl\|powerbuilder\|powercenter\|powercli\|powerpc\|powertrain\|powervm\|ppm\|pps\|ppt\|predictive\ analytics\|prediktering\|prediktion\|prediktiv\ analys\|presale\|primavera\|primefaces\|prince2\|printer\|prism\|pro\-engineer\|pro/engineer\|procurve\|profibus\|profiling\|profinet\|prognostisering\|programanalys\|programdistribution\|programmatic\|progress\ openedge\|prolog\|promoting\|proofing\|propeller\ spin\|proportional\|propulsion\|prospektering\|proteomikdata\|protocol\|protocol\ analyzers\|protocol\ buffer\|protocols\|protokollanalysatorer\|protokollskrivning\|protractor\|prtg\|psa\|ptc\|pubsub\|puppet\|pure\ data\|purebasic\|purescript\|pxe\|pyramid\|pyrolys\|q\|qa\|qc\|qemu\|qgis\|qmake\|qml\|qos\|qt\|quality\ center\|rac\|rackmontering\|ragel\ in\ ruby\ host\|rails\|railway\ signalling\|raindance\|raku\|raml\|ran\|rancid\|ranorex\|rapid\ prototyping\|rascal\|raster\|rational\ clearcase\|rational\ clearquest\|rational\ rhapsody\|razor\|rca\|rcm\|rdbms\|rdf\|rdp\|rds\|rebol\|receivers\|redshift\|reduktion\|redundans\|reläer\|remedy\|ren'py\|revit\|rf\|rfid\|rhapsody\|rhel\|rhino\|riak\|ring\|risk\ management\|riskanalys\|riskbedömningar\|riskhantering\|riskidentifiering\|riskkontroll\|rman\|rmi\|rna\|robocopy\|robotapplikationer\|robotframework\|robotik\|robotisering\|robotsystem\|robotteknik\|roff\|rollhantering\|rotorsaksanalyser\|rouge\|route53\|rpa__utvecklare\|rpc\|rpg\|rpm\|rs232\|rs485\|rspec\|rstudio\|rtos\|rtp\|rtsp\|runtime\|rup\|rvct\|sae\|safecom\|safecontrol\|saltstack\|samba\|samza\|sas\|satellitkommunikation\|scanner\|scenarioanalys\|scg\|scm\|scom\|scratch\|scsm\|sde\|sdh\|sdk\|sdks\|sdlc\|se\-tool\|sed\|segmentering\|sekvenseringsdata\|selinux\|sem\|semantik\|sensorfusion\|sensors\|sensorsystem\|sensorteknik\|sequencing\|seriell\ kommunikation\|servicedesk\|servlets\|settlement\|sfi\|sfti\|sftp\|shader\|shaderlab\|shaders\|shen\|shibboleth\|shielding\|show\|siebel\|siem\-system\|siemens\ pcs7\|siemens\ plc\|siemens\ s7\|siffror\|signal\ processing\|sigtran\|silver\|simd\|simulation\|simulators\|simulatorverktyg\|simulering\|simuleringssystem\|simuleringsteknik\|simuleringsverktyg\|sip\|sir\|sitecore\|sitecore__partner\|sitecore__stjärnor\|sitecore__utvecklare\|sitecores\|sitecoreteknikens\|sitevision\|six\ sigma\|skadlig\ kod\|skeppning\|slash\|sles\|slurm\|smali\|smalltalk\|smart\|smarty\|smt\|snmp\|snomed\ ct\|snort\|snowdrop\|soa\|soap\|soapui\|softone\|software\ ag\ webmethods\|solaris\|solarplexus\|solid\ edge\|solidworks\|solman\|solr\|sonarqube\|sopho\|sops\|sortiment\|sortimentsplanering\|sortimentstyrning\|soti\ mobile\ control\|source\|source\ control\|sourcepawn\|sox\|spam\|spanning\ tree\|sparql\|sparx\|sparx\ ea\|spatiala\ databaser\|spc\|specflow\|special\ effects\|specman\|specning\|specter\|spedition\|speldesign\|spelmotor\|spice\|spring\ boot\|spring\ framework\|spring_boot\|spring\-mvc\|springboot\|sprinkler\|spss\|spv\|spyglass\|sqf\|squash\|squirrel\|srm\|ss\-en\|ssas\|sscp\|ssh\|ssis\|ssl\|ssrs\|stabstjänst\|starlark\|stash\|stata\|statistikframtagning\|statistikrapportering\|statistiksystem\|statistikunderlag\|statistikuppföljning\|statistikverksamhet\|statistikverktyg\|statistisk\ analys\|statistisk\ signalbehandling\|statistiska\ metoder\|sten\|stm32\|\|stored\ procedures\|storytelling\|strukturanalys\|strukturdynamik\|strukturera\ information\|strukturering\|strukturstöd\|struts\|struts2\|style\ guides\|styling\|subnets\|subsystem\|subversion\|supercollider\|supply\ chain\ management\|supportarbete\|suricata\|svn\|sw\-utveckling\|swig\|swing\|swinject\|switch\|switchade\ nät\|switchteknik\|sybase\|symantec\|symfony\|symfony3\|symphony\|synergy\|synkronisering\|sysadmin\|syslog\|sysml\|systemc\|systemverilog\|systemweaver\|t3000\|tableau\|takecare\|talend\|tcl\|tcl/tk\|tcms\|tcp\|tcp/ip\|tdd\|tdm\|teamarbete\|teamcenter\|teamcity\|teamledaransvar\|teamledning\|teamsamarbete\|teamutveckling\|teckentolkning\|teis\|tekla\|telekomteknik\|telematik\|telematiklösningar\|telenät\|telerik\|telesystem\|teleteknik\|telnet\|tens\|teradata\|terminering\|terraform\|tex\|textanalys\|textbearbetning\|texthantering\|textproduktion\|texturering\|tfs\|thinlinc\|thrift\|thymeleaf\|tia\|tibco\|tibco\ ems\|tillgänglighet\|tillgänglighetsanpassning\|tiv\|tls\|tm1\|tma__gui\|toad\|togaf\|tomcat\|tool\ suite\|tools\ like\|topologioptimering\|torch\|totalförsvarsplanering\|touchsystem\|tracing\|transaktioner\|transaktionshanterare\|transaktionshantering\|transaktionsintensiva\ system\|transaktionslösningar\|transaktionssystem\|tridion\|tsm\|tso\|tss\|ttcn\|ttcn\-3\|tuning\|twig\|twincat\|typo3\|uart\|\|uc\-lösningar\|uctool\|uft\|umbraco\|umts\|unicast\|urweb\|usability\|uwsgi\|vagrant\|vala\|valgrind\|validitet\|varnish\|vault\|vb6\|vba\|vba\-programmering\|vbdotnet\|vbs\|vbscript\|vcenter\|vcl\|vcloud\|vcloud\ director\|vdi\|vector\|veeam\|veeam_backup\|vektorbaserad\ grafik\|velocity\|verifiering\ av\ mjukvara\|verifieringsmetoder\|verifieringsverktyg\|verilog\|vhdl\|\|\|visionsystem\|visionteknik\|visual\ design\|visualforce\|visum\|vivado\|vklass\|vlan\|vlookup\|vmm\|vnext\|vod\|volte\|vowifi\|vplex\|vpls\|vrealize\|vrrp\|vsphere\|wai\|wan\|warehouse\-utveckling\|watchguard\|watson\|wcdma\|wcf\|wcs\|wdm\|web\ ontology\ language\|web\ services\|web\ standards\|web\ technologies\|webbanalys\|webbanalysverktyg\|webbannonser\|webbapplikationer\|webbarbete\|webbdesign\|webbeditering\|webbförsäljning\|webbförvaltning\|webbgränssnitt\|webbhandel\|webbkartor\|webbläsarkompatibilitet\|webblösningar\|webbmiljö\|webbområdet\|webbplatser\|webbprodukter\|webbproduktion\|webbprojekt\|webbprojektledning\|webbpublicering\|webbpubliceringsverktyg\|webbramverk\|webbserverhantering\|webbservices\|webbservrar\|webbshop\|webbsidor\|webbstatistik\|webbsystem\|webbteknik\|webbtjänster\|webbutbildning\|webbutveckling\|webdav\|webdriver\|webforms\|webgl\|weblogic\|weblogic\ server\|webmethods\|webpack\|webservice\|websphere\|websphere\ application\|websphere_liberty\|webstorm\|wfm\|wholesale\|widequick\|widgets\|wildfly\|windchill\|\|\|\|winforms\|winlas\|wireframing\|wireless\|wiring\|wlan\|wlc\|wls\|wmi\|wml\|wms\|wms\-lösningar\|wms\-system\|wonderware\|woocommerce\|workbench\|workshopledning\|ws\|wsdl\|wsus\|x_plusplus\|x\-ray\|x10\|xa800\|xacml\|xadcontainers\|xadnosql\|xadrtsp\|xadwebsockets\|xamarin\|xaml\|xbase\|xc\|xcp\|xe5\|xen\|xenapp\|xendesktop\|xenmobil\|xenmobile\|xenserver\|xilinx\|xojo\|xopus_xml_editor\|xproc\|xquery\|xs\|xsd\|xsl\|xslt\|xtend\|xtm_translation_tool\|xunit\|yacc\|yasnippet\|yocto\|zabbix\|zachman\|zbfw\|zbrush\|zend\|zend\ framework\|zenworks)[\.\s_-],,,
[\s_-](administering\|administration\|administrationssystem\|administrationsverktyg\|administrativ\ erfarenhet\|administrativa\ uppgifter\|administratörsuppgifter)[\.\s_-],administration,administration,
[\s_-](ado\.net)[\.\s_-],ado.net,.net,
[\s_-](adobe\ after\ effects)[\.\s_-],adobe after effects,adobe,
[\s_-](adobe\ analytics)[\.\s_-],adobe analytics,adobe,
[\s_-](adobe\ captivate)[\.\s_-],adobe captivate,adobe,
[\s_-](adobe\ creative)[\.\s_-],adobe creative,adobe,
[\s_-](adobe\ creative\ suite\|adobe\ cs\|adobe\ paketet\|adobe\ suiten\|adobe\-programmen\|adobeprodukter)[\.\s_-],adobe,adobe,
[\s_-](adobe\ fireworks)[\.\s_-],adobe fireworks,adobe,
[\s_-](adobe\ flash)[\.\s_-],adobe flash,adobe,
[\s_-](adobe\ golive)[\.\s_-],adobe golive,adobe,
[\s_-](adobe\ illustrator)[\.\s_-],adobe illustrator,adobe,
[\s_-](adobe\ indesign)[\.\s_-],adobe indesign,adobe,
[\s_-](adobe\ photoshop\|photoshop)[\.\s_-],adobe photoshop,adobe,
[\s_-](adobe\ xd)[\.\s_-],adobe xd,adobe,
[\s_-](adp)[\.\s_-],automatic data processing,hr software,
[\s_-](agda)[\.\s_-],agda,functional programming language,
[\s_-](agil\ metodik\|agil\ systemutveckling\|agil\ utvecklingsmetodik\|agila\ arbetsmetoder\|agila\ projektmetoder\|agila\ utvecklingsmetoder\|agila\ utvecklingsprocesser\|agile\|agilt\ arbetssätt)[\.\s_-],agile,workflow,generellt
[\s_-](ags\ script)[\.\s_-],adventure game studio,game development,game development
[\s_-](aix)[\.\s_-],advanced interactive executive,unix operating system,generellt
[\s_-](ajax)[\.\s_-],ajax,ajax,generellt
[\s_-](akeneo)[\.\s_-],akeneo,product information management,generellt
[\s_-](alfa\ testning)[\.\s_-],alfa testning,testning,generellt
[\s_-](algebra)[\.\s_-],algebra,generellt,generellt
[\s_-](algoritm)[\.\s_-],algoritm,generellt,generellt
[\s_-](altium\|altium\ designer)[\.\s_-],altium,altium,
[\s_-](amazon\|amazon\ web\ services)[\.\s_-],amazon web services,amazon web services,molntjänster
[\s_-](amazon\ s3)[\.\s_-],amazon web services s3,amazon web services,molntjänster
[\s_-](Amazon\ VPC)[\.\s_-],amazon web services vpc,amazon web services,molntjänster
[\s_-](android\|android\ sdk\|android\ studio)[\.\s_-],android,android,apputveckling
[\s_-](angular__cli\|angular\.js\|angular2\|angular4\|angularjs)[\.\s_-],angular,angular,apputveckling
[\s_-](animation\|animering)[\.\s_-],animation,animation,apputveckling
[\s_-](ansibel\|ansible)[\.\s_-],ansible,Ansible,molntjänster
[\s_-](antivirus\|antiviruslösningar\|antivirusprogram\|av\-installation\|av\-produkter\|av\-teknik\|av\-utrustning)[\.\s_-],antivirus,antivirus,generellt
[\s_-](antlr)[\.\s_-],antlr,parser generator,
[\s_-](användaradministration)[\.\s_-],användaradministration,användaradministration,
[\s_-](användardokumentation\|användarmanualer\|användarutbildning)[\.\s_-],användardokumentation,dokumentation,
[\s_-](användargränssnittsutveckling)[\.\s_-],användargränssnittsutveckling,design,design
[\s_-](användarinteraktion)[\.\s_-],användarinteraktion,design,design
[\s_-](användarsupport)[\.\s_-],användarsupport,support,
[\s_-](användartester)[\.\s_-],användartester,testning,generellt
[\s_-](användbarhetstestning)[\.\s_-],användbarhetstestning,testning,generellt
[\s_-](användningstester)[\.\s_-],användningstester,testning,generellt
[\s_-](apache\ camel)[\.\s_-],apache camel,Apache,
[\s_-](apache\ cxf)[\.\s_-],apache cxf,Apache,
[\s_-](apache\ http)[\.\s_-],apache http,Apache,
[\s_-](apache\ kafka\|kafka)[\.\s_-],apache kafka,Apache,
[\s_-](apache\ lucene)[\.\s_-],apache lucene,Apache,
[\s_-](apache\ maven)[\.\s_-],apache maven,Apache,
[\s_-](apache\ solr)[\.\s_-],apache solr,Apache,
[\s_-](apache\ spark)[\.\s_-],apache spark,Apache,
[\s_-](apache\ struts)[\.\s_-],apache struts,Apache,
[\s_-](apache\ tomcat)[\.\s_-],apache tomcat,Apache,
[\s_-](apache\ wicket)[\.\s_-],apache wicket,Apache,
[\s_-](Apache\ ZooKeeper\|zookeeper)[\.\s_-],Apache zookeeper,open source server,
[\s_-](apacheconf)[\.\s_-],apacheconf,Apache,
[\s_-](apex)[\.\s_-],apex,saas development platform,
[\s_-](api\|api\ blueprint\|apis\|web\ api)[\.\s_-],api,api,
[\s_-](api\-testning)[\.\s_-],api testning,testning,
[\s_-](applikationsdesign\|design\|designarbete\|designerfarenhet\|designforskning\|designfrågor\|designförändringar\|designlösningar\|designmönster\|designprogram\|designprojekt\|designspecifikationer\|designsystem\|designteam\|designuppdrag\|designverktyg\|designvetenskap\|grafisk\ design\|grafisk\ formgivning\|grafisk\ layout\|grafisk\ produktion\|grafisk\ utformning\|grafiska\ gränssnitt\|graphic\ design\|graphics\|gränssnittsdesign\|gui\-design\|visuell\ design)[\.\s_-],design,design,
[\s_-](applikationssäkerhet\|cybersäkerhet\|cybersäkerhetsområdet\|datasäkerhet\|datorsäkerhet\|dokumenterad\ säkerhetsteknikutbildning\|driftsäkerhet\|driftsäkerhetsanalyser\|funktionssäkerhet\|hack\|hackning\|informationssäkerhet\|informationssäkerhetsanalyser\|informationssäkerhetsarbete\|informationssäkerhetsfrågor\|informationssäkerhetsområdet\|it\-säkerhet\|it\-säkerhetsarbete\|it\-säkerhetsarkitektur\|it\-säkerhetschefsutbildning\|it\-säkerhetsfrågor\|it\-säkerhetsområdet\|it\-säkerhetsprodukter\|it\-säkerhetsstandarder\|it\-säkerhetssystem\|klientsäkerhet\|maskinsäkerhet\|systemsäkerhet\|systemsäkerhetsarbete\|sårbarhetsanalyser\|sårbarhetshantering\|sårbarhetsskanning\|säkerhetsanalyser\|säkerhetsapplikationer\|säkerhetsarbete\|säkerhetsarkitektur\|säkerhetsbedömningar\|säkerhetsberäkningar\|säkerhetsbevisning\|säkerhetscertifiering\|säkerhetsdesign\|säkerhetsfokus\|säkerhetsfrågor\|säkerhetsföreskrifter\|säkerhetsföretag\|säkerhetsgranskning\|säkerhetshot\|säkerhetsinstallationer\|säkerhetsklassning\|säkerhetskontroll\|säkerhetskopiering\|säkerhetskritiska\ system\|säkerhetskydd\|säkerhetslagstiftning\|säkerhetslösningar\|säkerhetspatchning\|säkerhetsplanering\|säkerhetsprodukter\|säkerhetsprogram\|säkerhetsprövning\|säkerhetsramverk\|säkerhetssamtal\|säkerhetsskydd\|säkerhetsskyddsanalys\|säkerhetsskyddsarbete\|säkerhetsskyddsfrågor\|säkerhetsskyddslagstiftning\|säkerhetsskyddstjänst\|säkerhetsskyddsutbildning\|säkerhetsstandards\|säkerhetsstyrning\|säkerhetssystem\|säkerhetsteknik\|säkerhetstester\|säkerhetstjänster\|säkerhetstjänstutbildning\|säkerhetsutbildning\|säkerhetsutredningar\|säkerhetsutveckling\|säkerhetsverktyg\|säkerhetsövervakning)[\.\s_-],it-säkerhet,it-säkerhet,
[\s_-](applikationstestning)[\.\s_-],applikationstestning,testning,generellt
[\s_-](apputveckling)[\.\s_-],apputveckling,apputveckling,apputveckling
[\s_-](ar\|augmented\ reality)[\.\s_-],augmented reality,augmented reality,
[\s_-](arduino)[\.\s_-],arduino,arduino,
[\s_-](arkivarbete\|arkivfrågor\|arkivlagen\|arkivredovisning\|arkivsystem\|arkivvetenskap)[\.\s_-],arkivarbete,arkivarbete,generellt
[\s_-](arm\ cortex\|arm\ processorer)[\.\s_-],arm processorer,arm processorer,generellt
[\s_-](artificial\ intelligence)[\.\s_-],artificial intelligence,artificial intelligence,
[\s_-](asp\|asp\ lösningar\|asp\.net\|asp\.net\ mvc\|asp\.net\ webapi\|aspdotnet\|classic\ asp\|klassisk\ asp)[\.\s_-],asp.net,asp.net,
[\s_-](assembler\|assembly)[\.\s_-],assembly,assembly,
[\s_-](async)[\.\s_-],async,async,
[\s_-](atlassian\ jira\|jira)[\.\s_-],jira,jira,
[\s_-](aurelia)[\.\s_-],aurelia,aurelia,
[\s_-](autentisering\|autentiseringslösningar\|autentiseringssystem)[\.\s_-],autentisering,autentisering,
[\s_-](autocad)[\.\s_-],autocad,cad,
[\s_-](autocad\ civil\ 3d)[\.\s_-],autocad civil 3d,cad,
[\s_-](autodesk\ inventor)[\.\s_-],autodesk inventor,cad,
[\s_-](autodesk\ revit)[\.\s_-],audodesk revit,cad,
[\s_-](autofac)[\.\s_-],autofac,cad,
[\s_-](automated\ test\|automationstestning)[\.\s_-],automationstestning,testning,
[\s_-](automation\|automationsarbete\|automationsinriktning\|automationslösningar\|automationsområdet\|automationsprojekt\|automationsramverk\|automationssystem\|automationsteknik\|automationsutrustning\|automatisering\|automatiseringsverktyg)[\.\s_-],automation,automation,
[\s_-](automatiserade\ tester\|automatiserade\ testfall\|automatiska\ tester\|automattester\|autotestning\|test\ automation\|test\ management\-verktyg\|testautomationsverktyg\|testautomatisering\|testautomatiseringslösningar\|testautomatiseringsramverk)[\.\s_-],automatiserade tester,testning,
[\s_-](awk)[\.\s_-],awk,awk,
[\s_-](aws\ ec2)[\.\s_-],amazon web services ec2,amazon web services,
[\s_-](ax__applikationen\|ax__installationer\|ax__konsult\|ax__miljön)[\.\s_-],microsoft dynamics ax,microsoft dynamics ax,
[\s_-](azure\|microsoft\ azure\|windows\ azure)[\.\s_-],azure,azure,
[\s_-](babel)[\.\s_-],babel,babel,
[\s_-](babylon\.js)[\.\s_-],babylon.js,javascript,
[\s_-](back\ end\|backend\ applikationer\|backendlösningar\|backends\|backendsystem\|backendtjänster)[\.\s_-],back end,back end,
[\s_-](backbone\|backbone\.js)[\.\s_-],backbone.js,javascript,
[\s_-](backup\|backuphantering\|backuplösningar\|backupprogramvaror\|backupsystem)[\.\s_-],backup,backup,
[\s_-](bapis)[\.\s_-],mysap,mysap,
[\s_-](bash\|bash\ script)[\.\s_-],bash,bash,
[\s_-](basic)[\.\s_-],basic,basic,
[\s_-](batch\|batch\ script\|batchfile\|batchkörningar)[\.\s_-],batch,batch,
[\s_-](bi\|bi\-lösning\|bi\-området\|bi\-verktyg)[\.\s_-],business intelligence,business intelligence,
[\s_-](big\ data\|stora\ datamängder)[\.\s_-],big data,big data,
[\s_-](bildanalys)[\.\s_-],bildanalys,bildanalys,
[\s_-](bildbearbetning\|bildbehandling\|bildbehandlingsområdet\|bildbehandlingsverktyg\|bildhantering\|bildredigering\|bildredigeringsprogram\|bildredigeringsverktyg)[\.\s_-],bildbearbetning,bildbearbetning,
[\s_-](bitbucket)[\.\s_-],bitbucket,bitbucket,
[\s_-](blender)[\.\s_-],blender,3d,
[\s_-](bluetooth)[\.\s_-],bluetooth,bluetooth,
[\s_-](bootstrap)[\.\s_-],bootstrap,css,
[\s_-](brainfuck)[\.\s_-],brainfuck,brainfuck,
[\s_-](brandvägg\|brandväggar\|brandväggshantering\|brandväggskonfiguration\|brandväggskonfigurering\|brandväggslösningar\|brandväggsprodukter\|brandväggssystem\|brandväggsteknik\|firewall\|firewalling\|firewalls)[\.\s_-],brandväggar,brandväggar,
[\s_-](bredband\|bredbandsföretag\|bredbandsnät)[\.\s_-],bredband,bredband,
[\s_-](bsd)[\.\s_-],bsd,bsd,
[\s_-](bug\ tracking\|buggfixning\|buggrättning\|felanalys\|felhantering\|felrapportering)[\.\s_-],felhantering,felhantering,
[\s_-](c\|c__programmer\|c__programmering\|c__programming\|c__utvecklare\|c__utveckling\|c\-programmering)[\.\s_-],c,c,
[\s_-](c\ plusplus\ programmerare\|c\ plusplus\ utvecklare\|c\ plusplus\ utvecklare\|c\ plusplus\ utvecklare\|c\ plusplusoch\|c_plusplus\|c\+\+\|plusplus\|visual_c_plusplus)[\.\s_-],c++,c++,
[\s_-](c__sharp\|c\#\|csharp\|csharp\|csharp__programmering\|csharp__utvecklare\|csharp__utveckling\|csharpsharp)[\.\s_-],c#,c#,
[\s_-](caching)[\.\s_-],caching,caching,
[\s_-](cacti)[\.\s_-],Övrigt,Övrigt,
[\s_-](cad\|cad__program\|cad\-arbete\|cad\-program\|cad\-samordning\|cad\-system\|cad\-verktyg\|cadritning)[\.\s_-],cad,cad,
[\s_-](canvas)[\.\s_-],canvas,canvas,
[\s_-](cartocss)[\.\s_-],cartocss,css,
[\s_-](cascading\ style\|css\|css3\|csslp)[\.\s_-],css,css,
[\s_-](cash\ management)[\.\s_-],cashing,cashing,
[\s_-](cassandra)[\.\s_-],cassandra,nosql,
[\s_-](ci\|continuous\ integration)[\.\s_-],ci,ci,
[\s_-](ci/cd)[\.\s_-],ci/cd,ci/cd,
[\s_-](citrix\|citrixsystem)[\.\s_-],citrix,citrix,
[\s_-](citrix\ server)[\.\s_-],citrix server,citrix,
[\s_-](cli)[\.\s_-],cli,cli,
[\s_-](clojure)[\.\s_-],clojure,clojure,
[\s_-](cloud\|cloud\ computing\|cloudformation\|cloudhosting\|cloudlösningar\|cloudteknik\|cloudtjänster)[\.\s_-],cloud,cloud,
[\s_-](cmake)[\.\s_-],cmake,cmake,
[\s_-](cms\|cms__system\|cms__verktyg\|cms\-lösningar\|cms\-verktyg\|content\ management)[\.\s_-],content management system,content management system,
[\s_-](code\ review)[\.\s_-],code review,workflow,
[\s_-](coffeescript)[\.\s_-],coffeescript,javascript,
[\s_-](container\|containerbaserade\|containerhantering\|containeriseringsplattformar\|containerization\|containerized\|containers\|containrar)[\.\s_-],containers,containers,
[\s_-](continuous\ delivery)[\.\s_-],cd,cd,
[\s_-](copywriting)[\.\s_-],copywriting,copywriting,
[\s_-](crystal)[\.\s_-],crystal,crystal,
[\s_-](css__ramverk\|css__ramverket\|css\-ramverk)[\.\s_-],css framework,css,
[\s_-](csv)[\.\s_-],csv,csv,
[\s_-](cygwin)[\.\s_-],cygwin,cygwin,
[\s_-](d3\|d3\.js)[\.\s_-],d3.js,javascript,
[\s_-](dart)[\.\s_-],dart,dart,
[\s_-](data\ guard\|dataguard)[\.\s_-],data guard,data guard,
[\s_-](data\ mining\|data\-mining)[\.\s_-],data mining,data mining,
[\s_-](data\ warehouse\|data\ warehousing)[\.\s_-],data warehouse,data warehouse,
[\s_-](dataanalys)[\.\s_-],dataanalys,dataanalys,
[\s_-](dataarkitektur)[\.\s_-],dataarkitektur,dataarkitektur,
[\s_-](databas\|databaser\|databasfrågor\|databasförvaltning\|databaslösningar\|databasmiljöer\|databasmotor\|databasschema\|databasstruktur\|databassystem\|databassökningar\|databastabeller\|databasteknik\|databastjänster\|databasuppbyggnad\|databasvana\|databasverktyg)[\.\s_-],databas,databas,
[\s_-](databasadministration)[\.\s_-],databasadministration,administration,
[\s_-](databasarkitektur)[\.\s_-],databasarkitektur,databas,
[\s_-](databasdesign)[\.\s_-],databasdesign,databas,
[\s_-](databasdrift\|databashantering\|databaskonfiguration\|databaskopplingar\|databasmigrering\|databasmodellering\|databasmodulering\|databasoptimering)[\.\s_-],databasdrift,databas,
[\s_-](databearbetning)[\.\s_-],databearbetning,databearbetning,
[\s_-](databehandling)[\.\s_-],databehandling,databehandling,
[\s_-](datadistribution)[\.\s_-],datadistribution,data-relaterat,
[\s_-](datadokumentation)[\.\s_-],datadokumentation,data-relaterat,
[\s_-](datafrågor)[\.\s_-],datafrågor,data-relaterat,
[\s_-](dataförsörjning)[\.\s_-],dataförsörjning,data-relaterat,
[\s_-](dataförädling)[\.\s_-],dataförädling,data-relaterat,
[\s_-](datahantering)[\.\s_-],datahantering,data-relaterat,
[\s_-](datainmatning)[\.\s_-],datainmatning,data-relaterat,
[\s_-](datainriktning)[\.\s_-],datainriktning,data-relaterat,
[\s_-](datainsamling)[\.\s_-],datainsamling,data-relaterat,
[\s_-](dataintegration)[\.\s_-],dataintegration,data-relaterat,
[\s_-](datakommunikation)[\.\s_-],datakommunikation,data-relaterat,
[\s_-](datakommunikationsområdet)[\.\s_-],datakommunikationsområdet,data-relaterat,
[\s_-](datakommunikationssystem)[\.\s_-],datakommunikationssystem,data-relaterat,
[\s_-](datakonvertering)[\.\s_-],datakonvertering,data-relaterat,
[\s_-](datalager)[\.\s_-],datalager,data-relaterat,
[\s_-](datalagerlösningar)[\.\s_-],datalagerlösningar,data-relaterat,
[\s_-](datalagring)[\.\s_-],datalagring,data-relaterat,
[\s_-](datalagringslösningar)[\.\s_-],datalagringslösningar,data-relaterat,
[\s_-](datawarehouse\|datawarehousing)[\.\s_-],datawarehouse,datawarehouse,
[\s_-](ddos)[\.\s_-],ddos,it-säkerhet,
[\s_-](debian)[\.\s_-],debian,operativsystem,
[\s_-](dependency\ injection)[\.\s_-],dependency injection,dependency injection,
[\s_-](design\ patterns)[\.\s_-],design patterns,design patterns,
[\s_-](designdokumentation)[\.\s_-],designdokumentation,design,
[\s_-](designmetoder)[\.\s_-],designmetoder,design,
[\s_-](designmetodik)[\.\s_-],designmetodik,design,
[\s_-](designmodeller)[\.\s_-],designmodeller,design,
[\s_-](designplaner)[\.\s_-],designplaner,design,
[\s_-](designprinciper)[\.\s_-],designprinciper,design,
[\s_-](designprocessen)[\.\s_-],designprocessen,design,
[\s_-](designsäkerhet)[\.\s_-],designsäkerhet,design,
[\s_-](designteknik)[\.\s_-],designteknik,design,
[\s_-](dhcp)[\.\s_-],dhcp,dhcp,
[\s_-](dhtml)[\.\s_-],dhtml,dhtml,
[\s_-](direct3d)[\.\s_-],direct3d,3d,
[\s_-](distansarbete)[\.\s_-],remote work,remote work,
[\s_-](django)[\.\s_-],django,django,
[\s_-](dmz)[\.\s_-],dmz,dmz,
[\s_-](dns\|domänadministration\|domänhantering\|domänmodellering)[\.\s_-],dns,dns,
[\s_-](dnssec)[\.\s_-],dbssec,dns,
[\s_-](docker\|dockerfile)[\.\s_-],docker,container,
[\s_-](dokumentation\|dokumentationsarbete\|dokumentationshanteringssystem\|dokumentationsmetoder\|dokumentationssystem\|dokumentationsvana)[\.\s_-],dokumentation,dokumentation,
[\s_-](domändriven\ design)[\.\s_-],domändriven design,domändriven design,
[\s_-](e\-commerce\|e\-handel\|e\-handelslösningar\|e\-handelsplatser\|e\-handelsplattformar\|e\-handelssystem\|e\-hälsofrågor)[\.\s_-],e-handel,e-handel,
[\s_-](e\-learning)[\.\s_-],e-learning,e-learning,
[\s_-](e3)[\.\s_-],e3,3d,
[\s_-](e3d)[\.\s_-],e3d,3d,
[\s_-](eclipse\|eclipselink)[\.\s_-],eclipse,eclipse,
[\s_-](ecmascript)[\.\s_-],ecmascript,javascript,
[\s_-](elastic\|elasticsearch)[\.\s_-],elasticsearch,elasticsearch,
[\s_-](elastic\ beanstalk\|Elastic_Beanstalk)[\.\s_-],elastic beanstalk,elasticsearch,
[\s_-](elixir)[\.\s_-],elixir,elixir,
[\s_-](elk\ stack)[\.\s_-],elk stack,logging,
[\s_-](elm)[\.\s_-],elm,elm,
[\s_-](emacs)[\.\s_-],emacs,emacs,
[\s_-](embedded\|embedded\ system\|embeddedlösningar)[\.\s_-],embedded,embedded,
[\s_-](embedded\ linux)[\.\s_-],embedded linux,embedded,
[\s_-](encoding)[\.\s_-],encoding,encoding,
[\s_-](encryption)[\.\s_-],encryption,encryption,
[\s_-](enhetstestning)[\.\s_-],enhetstestning,testning,
[\s_-](enterprise\ linux\|linux\|linux\ kernel\|linux\ operativsystem\|linux\-miljö\|linux\-system\|linuxadministration\|linuxlösningar\|linuxprodukter\|linuxserver\|linuxvana\|operativsystemet\ linux)[\.\s_-],linux,operativsystem,
[\s_-](epi\|epi__server\|episerver\ cms\|episerver\ commerce\|episerver__projekt\|episerver__utvecklare\|episerver__utveckling)[\.\s_-],epi server,epi server,
[\s_-](erlang)[\.\s_-],erlang,erlang,
[\s_-](es2015)[\.\s_-],es2015,javascript,
[\s_-](es201x)[\.\s_-],es201x,javascript,
[\s_-](es6)[\.\s_-],es6,javascript,
[\s_-](ethernet)[\.\s_-],ethernet,ehternet,
[\s_-](exploatering)[\.\s_-],exploatering,it-säkerhet,
[\s_-](exploratory\ testing)[\.\s_-],exploratory testing,testning,
[\s_-](f\*)[\.\s_-],f*,f*,
[\s_-](f\#\|fsharp)[\.\s_-],f#,f#,
[\s_-](fedora)[\.\s_-],fedora/linux,operativsystem,
[\s_-](felsökning\|felsökningsfärdigheter\|felsökningsförmåga\|felsökningsmetodik\|felsökningsverktyg\|felutredningar)[\.\s_-],felsökning,felsökning,
[\s_-](fiber\|fiberbyggnation\|fiberinstallationer\|fibernät\|fiberplanering\|fibersvetsning\|fiberteknik\|fiberutrustning)[\.\s_-],fiberinstallationer,fiberinstallationer,
[\s_-](fiddler)[\.\s_-],fiddler,fiddler,
[\s_-](firebase)[\.\s_-],firebase,firebase,
[\s_-](firebird)[\.\s_-],firebird,sql,
[\s_-](firefox)[\.\s_-],firefox,webbläsare,
[\s_-](firepower)[\.\s_-],firepower,cicsco,
[\s_-](flask)[\.\s_-],flask,flask,
[\s_-](flertrådade\|multithreading\|multitrådning\|trådning)[\.\s_-],multithreading,multithreading,
[\s_-](flutter)[\.\s_-],flutter,flutter,
[\s_-](flödesdiagram)[\.\s_-],flödesdiagram,flödesdiagram,
[\s_-](fortigate\|fortinet\|fortinet\ fortigate)[\.\s_-],fortigate,fortigate,
[\s_-](freebsd)[\.\s_-],freebsd,freebsd,
[\s_-](front\ end\|frontendarbete\|frontendarkitektur\|frontutveckling)[\.\s_-],front end,front end,
[\s_-](ftp)[\.\s_-],ftp,ftp,
[\s_-](fullstackutveckling)[\.\s_-],full stack,full stack,
[\s_-](fullt\ personalansvar)[\.\s_-],personalansvar,personalansvar,
[\s_-](functional\ programming\|funktionell\ programmering)[\.\s_-],functional programming,functional programming,
[\s_-](funktionalitetstester\|funktionella\ tester\|funktionstest)[\.\s_-],funktionalitetstester,testning,
[\s_-](g__suite\|google\|google\-annonsering)[\.\s_-],google,google,
[\s_-](ga\|google\ analytics)[\.\s_-],google analytics,google,
[\s_-](game\ engines)[\.\s_-],game engines,game engines,
[\s_-](game\ maker\ language)[\.\s_-],game maker language,game engines,
[\s_-](gcc)[\.\s_-],gcc,gcc,
[\s_-](gcp\|google\ cloud\ platform)[\.\s_-],google cloud platform,google cloud platform,
[\s_-](gdscript)[\.\s_-],gdscript,gdscript,
[\s_-](gimp)[\.\s_-],gimp,gimp,
[\s_-](git\|versionshanteringssystemet\ git)[\.\s_-],git,versionhantering,
[\s_-](github__\|github\.com)[\.\s_-],github,versionhantering,
[\s_-](gitlab)[\.\s_-],gitlab,versionhantering,
[\s_-](gitlab\ ci)[\.\s_-],gitlab ci,ci,
[\s_-](gnu)[\.\s_-],gnu,gnu,
[\s_-](go)[\.\s_-],go,go,
[\s_-](google\ adwords)[\.\s_-],google adwords,google,
[\s_-](google\ docs)[\.\s_-],google docs,google,
[\s_-](google\ drive\|googledrive)[\.\s_-],google drive,google,
[\s_-](google\ guice)[\.\s_-],google guice,google,
[\s_-](gpio)[\.\s_-],gpio,gpio,
[\s_-](gpo\-hantering\|gpo:er)[\.\s_-],group policy object,group policy object,
[\s_-](gps\|navigationssystem)[\.\s_-],navigationssystem,navigationssystem,
[\s_-](gpu\-programmering)[\.\s_-],gpu-programmering,gpu-programmering,
[\s_-](grafdatabaser)[\.\s_-],grafdatabaser,grafdatabaser,
[\s_-](Graph\ QL\|GraphQL)[\.\s_-],graph ql,graph ql,
[\s_-](grunt)[\.\s_-],grunt,grunt,
[\s_-](gulp)[\.\s_-],gulp,gulp,
[\s_-](handlebars)[\.\s_-],handlebars,handlebars,
[\s_-](haskell)[\.\s_-],haskell,haskell,
[\s_-](heroku)[\.\s_-],heroku,heroku,
[\s_-](hotanalyser\|hotbildsanalyser)[\.\s_-],hotbildsanalyser,it-säkerhet,
[\s_-](hp\ alm)[\.\s_-],hp alm,hp,
[\s_-](hp\ loadrunner)[\.\s_-],hp loadrunner,hp,
[\s_-](html\|html\ based\|html5\|xhtml)[\.\s_-],html,html,
[\s_-](http\|http/https\|https)[\.\s_-],http/https,http/https,
[\s_-](hyper\-v\|virtualiserade\ miljöer\|virtuella\ miljöer\|vms)[\.\s_-],virtual machine,virtual machine,
[\s_-](hårdvara\|hårdvaran\|hårdvarufel\|hårdvarufrågor\|hårdvaruinventering\|hårdvarukomponenter\|hårdvarukunskap\|hårdvarulösningar\|hårdvaruprodukter)[\.\s_-],hårdvaru-kunskap,hårdvaru-kunskap,
[\s_-](hårdvaruintegration\|hårdvaruintegration\|hårdvaruintegration\|hårdvaruintegration)[\.\s_-],hårdvaruintegration,hårdvaru-kunskap,
[\s_-](hårdvarukonstruktion)[\.\s_-],hårdvarukonstruktion,hårdvaru-kunskap,
[\s_-](hårdvarunära\ programmering)[\.\s_-],hårdvarunära programmering,hårdvaru-kunskap,
[\s_-](hårdvarutest)[\.\s_-],hårdvarutest,testning,
[\s_-](högnivåprogrammering)[\.\s_-],högnivåprogrammering,programmering,
[\s_-](högnivåspråk)[\.\s_-],högnivåspråk,programmering,
[\s_-](icke\-funktionell\ testning)[\.\s_-],icke-funktionell testning,testning,
[\s_-](icmp)[\.\s_-],icmp,icmp,
[\s_-](ieee)[\.\s_-],ieee,ieee,
[\s_-](imap)[\.\s_-],imap,imap,
[\s_-](integration\ testing\|integrationstest)[\.\s_-],integration testing,testning,
[\s_-](interaktionsdesign)[\.\s_-],interaktionsdesign,design,
[\s_-](internet\ of\ things\|iot)[\.\s_-],internet of things,internet of things,
[\s_-](internrapportering)[\.\s_-],internrapportering,workflow,
[\s_-](intrångsdetektering)[\.\s_-],intrångsdetektering,it-säkerhet,
[\s_-](ionic)[\.\s_-],ionic,ionic,
[\s_-](ios\|ios\ xr\|ios\-applikationer\|ios\-apputveckling)[\.\s_-],ios-utveckling,ios-utveckling,
[\s_-](ip\|ip\-frågor\|ip\-nät\|ip\-protokoll\|ip\-routing\|ip\-teknik\|ip\-telefoni\|iptables\|iptv\|ipv6)[\.\s_-],ip-address,ip-address,
[\s_-](ipsec)[\.\s_-],ipsec,ipsec,
[\s_-](j\ query\|jquery)[\.\s_-],jquery,jquery,
[\s_-](j2ee\|j2se\|java\|java\|java\|java\ based\|java\ enterprise\ edition\|java\ programming\|java\ swing\|java_ee\|java\-applikationer\|java8\|javabaserad\|javabaserade\|javabaserade\|javafx\|javagruppering\|javajobb\|javakompetens\|javakonsulter\|javakunskaper\|javamiljö\|javaområdet\|javaplattformen\|javapos\|javapreferably\|javaprofil\|javaprogrammering\|javaprogrammering\|javascriptkod\|javase\|javaserver\|javateam\|javautvecklare\|javautvecklare\|javautveckling\|javautveckling\|javautvikling)[\.\s_-],java,java,
[\s_-](java\ beans\|javabeans\|javabeans\|javabeans3)[\.\s_-],javabeans,java,
[\s_-](javadoc)[\.\s_-],javadoc,java,
[\s_-](javaee\|javaee\-utveckling)[\.\s_-],javaee,java,
[\s_-](javascript\|javascript\|javascript\|javascript\ utvecklare\|javascript\-bibliotek\|javascriptare\|javascriptbibliotek\|javascriptramverk\|javascriptutvecklare\|javascriptutveckling\|javascriptvärlden)[\.\s_-],javascript,javascript,
[\s_-](javascript\ bibliotek\|javascript\ framework\|javascript\ frameworks\|javascript\ ramverk\|javascriptramverken)[\.\s_-],javascript framworks,javascript,
[\s_-](js__ramar)[\.\s_-],javascript frameworks,javascript,
[\s_-](json)[\.\s_-],json,json,
[\s_-](jsoniq)[\.\s_-],jsoniq,jsoniq,
[\s_-](jsonnet)[\.\s_-],jsonnet,jsonnet,
[\s_-](jupiter)[\.\s_-],jypyter,jyputer,
[\s_-](jupyter\ notebook)[\.\s_-],jyputer,jyputer,
[\s_-](kanban)[\.\s_-],kanban,workflow,
[\s_-](kartapplikationer\|kartering\|kartframställning\|kartsystem\|kartteknik\|karttjänster\|kartverktyg)[\.\s_-],kartteknik,kartteknik,
[\s_-](kerberos)[\.\s_-],kerberos,kerberos,
[\s_-](knockout\|knockout\ js\|knockout\.js)[\.\s_-],knockout.js,javascript,
[\s_-](kodanalys\|kodgranskning\|kodoptimering)[\.\s_-],kodanalys,kodanalys,
[\s_-](kodtest)[\.\s_-],kodtester,testning,
[\s_-](kompilator\|kompilatorteknik)[\.\s_-],kompilatorteknik,kompilatorteknik,
[\s_-](kotlin)[\.\s_-],kotlin,kotlin,
[\s_-](kryptering\|krypteringsteknik\|krypto\|kryptoapparater\|kryptografi\|kryptologi\|kryptolösningar\|kryptoprodukter\|kryptosystem\|kryptoteknik)[\.\s_-],kryptografi,kryptografi,
[\s_-](kubernetes)[\.\s_-],kubernetes,kubernetes,
[\s_-](källkodshantering\|källkodshanteringssystem)[\.\s_-],versionshantering,versionshantering,
[\s_-](känslighetsanalyser)[\.\s_-],känslighetsanalyser,it-säkerhet,
[\s_-](laboratorieautomation)[\.\s_-],laboratorieautomation,laboratorie,
[\s_-](laboratoriedatasystem)[\.\s_-],laboratoriedatasystem,laboratorie,
[\s_-](laboratorieteknik)[\.\s_-],laboratorieteknik,laboratorie,
[\s_-](lambda)[\.\s_-],lambda,lambda,
[\s_-](laravel)[\.\s_-],laravel,laravel,
[\s_-](lastbalanserare\|lastbalansering\|lastdelare\|load\ balancers\|load\ balancing)[\.\s_-],loadbalancer,loadbalancer,
[\s_-](lean)[\.\s_-],lean,workflow,
[\s_-](ledarerfarenhet\|ledarskap\|ledarskapserfarenhet)[\.\s_-],ledarerfarenhet,ledarerfarenhet,
[\s_-](less)[\.\s_-],less,css,
[\s_-](licens\|licensavtal\|licensfrågor\|licenshantering\|licensiering\|licensieringsfrågor)[\.\s_-],licenser,licenser,
[\s_-](linesupport)[\.\s_-],linesupport,linesupport,
[\s_-](linjär\ algebra)[\.\s_-],linjär algebra,linjär algebra,
[\s_-](lint\|linter)[\.\s_-],linter,linter,
[\s_-](lisp)[\.\s_-],lisp,lisp,
[\s_-](loadtest)[\.\s_-],loadtest,testning,
[\s_-](logganalys\|logganalysverktyg\|logghantering\|logghanteringssystem\|loggning)[\.\s_-],logghantering,logghantering,
[\s_-](logstash)[\.\s_-],logstash,logghantering,
[\s_-](lua)[\.\s_-],lua,lua,
[\s_-](mac\|mac\-miljö\|macos\|os\ x)[\.\s_-],macos,macos,
[\s_-](machine\ learning\|ml)[\.\s_-],machine learning,machine learning,
[\s_-](mailchimp)[\.\s_-],mailchimp,mailchimp,
[\s_-](mailservers)[\.\s_-],mailservers,mailservers,
[\s_-](makefile)[\.\s_-],makefile,makefile,
[\s_-](manuell\ testning)[\.\s_-],manuell testning,testning,
[\s_-](mapreduce)[\.\s_-],mapreduce,mapreduce,
[\s_-](mariadb)[\.\s_-],mariadb,mysql,
[\s_-](marionette\|marionette\.js)[\.\s_-],marionette.js,javascript,
[\s_-](markdown)[\.\s_-],markdown,markdown,
[\s_-](maskininlärning)[\.\s_-],maskininlärning,maskininlärning,
[\s_-](maskinnära\ programmering)[\.\s_-],maskinnära programmering,programmering,
[\s_-](mathlab\|matlab\|matlab\ simulink\|simulink)[\.\s_-],matlab,matlab,
[\s_-](maya)[\.\s_-],maya,3d,
[\s_-](metasploit)[\.\s_-],metasploit,metasploit,
[\s_-](meteor\|meteor\.js__ramverket)[\.\s_-],meteor,javascript,
[\s_-](micro\ service\|micro\ services\|microservice\|microservice\ architecture\|microservice\ based\|microservicearkitektur\|microservices\|microtjänster\|mikroservicearkitektur\|mikrotjenester\|mikrotjänst\ arkitektur\|mikrotjänster)[\.\s_-],microservices,microservices,
[\s_-](microcontrollers)[\.\s_-],microcontroller,microcontroller,
[\s_-](microsoft\|microsoft\-miljö)[\.\s_-],microsoft,microsoft,
[\s_-](microsoft\ access)[\.\s_-],microsoft access,microsoft access,
[\s_-](microsoft\ app\-v)[\.\s_-],microsoft app-v,microsoft,
[\s_-](microsoft\ bi\|power\ bi\|powerbi\|powerbi\ lösningar\|powerbi\ utvecklare)[\.\s_-],power bi,power bi,
[\s_-](microsoft\ biztalk)[\.\s_-],microsoft biztalk,microsoft biztalk,
[\s_-](microsoft\ certified\ professional)[\.\s_-],microsoft certified professional,microsoft certified professional,
[\s_-](microsoft\ certified\ system\ engineer)[\.\s_-],microsoft certified system engineer,microsoft certified system engineer,
[\s_-](microsoft\ dynamics\|microsoft\ dynamics\ ax\|microsoft\ dynamics\ nav)[\.\s_-],microsoft dynamics,microsoft dynamics,
[\s_-](microsoft\ exchange)[\.\s_-],microsoft exchange,microsoft exchange,
[\s_-](microsoft\ intune)[\.\s_-],microsoft intune,microsoft intune,
[\s_-](microsoft\ lync)[\.\s_-],microsoft lync,microsoft lync,
[\s_-](microsoft\ miljöer)[\.\s_-],microsoft miljöer,microsoft,
[\s_-](microsoft\ office)[\.\s_-],microsoft office,microsoft,
[\s_-](microsoft\ sql\|ms__sql)[\.\s_-],microsoft sql,sql,
[\s_-](microsoft\ visio)[\.\s_-],microsoft visio,microsoft visio,
[\s_-](microsoft\ windows)[\.\s_-],microsoft windows,windows,
[\s_-](microsoftcertifikat)[\.\s_-],microsoftcertifikat,microsoft,
[\s_-](microsoftprodukter)[\.\s_-],microsoftprodukter,microsoft,
[\s_-](microsofts\ operativsystem)[\.\s_-],microsofts operativsystem,microsoft,
[\s_-](microsofts\ plattformar)[\.\s_-],microsofts plattformar,microsoft,
[\s_-](microsofts\ produktsvit)[\.\s_-],microsofts produktsvit,microsoft,
[\s_-](microsofts\ serverplattformar)[\.\s_-],microsofts serverplattformar,microsoft,
[\s_-](microsofts\ utvecklingsmiljö)[\.\s_-],microsofts utvecklingsmiljö,microsoft,
[\s_-](middleware)[\.\s_-],middleware,middleware,
[\s_-](mikrocontroller)[\.\s_-],mikrocontroller,mikrocontroller,
[\s_-](mikrodator)[\.\s_-],mikrodator,mikrodator,
[\s_-](mikroprocessor)[\.\s_-],mikroprocessor,mikroprocessor,
[\s_-](mikroskopi)[\.\s_-],mikroskopi,mikroskopi,
[\s_-](mjukvaruarkitektur)[\.\s_-],mjukvaruarkitektur,mjukvarukunskap,
[\s_-](mjukvarubaserad)[\.\s_-],mjukvarubaserad,mjukvarukunskap,
[\s_-](mjukvarudesign)[\.\s_-],mjukvarudesign,mjukvarukunskap,
[\s_-](mjukvaruerfarenhet)[\.\s_-],mjukvaruerfarenhet,mjukvarukunskap,
[\s_-](mjukvarufrågor)[\.\s_-],mjukvarufrågor,mjukvarukunskap,
[\s_-](mjukvaruföretag)[\.\s_-],mjukvaruföretag,mjukvarukunskap,
[\s_-](mjukvaruimplementation)[\.\s_-],mjukvaruimplementation,mjukvarukunskap,
[\s_-](mjukvaruinstallationer)[\.\s_-],mjukvaruinstallationer,mjukvarukunskap,
[\s_-](mjukvaruintegration)[\.\s_-],mjukvaruintegration,mjukvarukunskap,
[\s_-](mjukvarukomponenter)[\.\s_-],mjukvarukomponenter,mjukvarukunskap,
[\s_-](mjukvarukonstruktion)[\.\s_-],mjukvarukonstruktion,mjukvarukunskap,
[\s_-](mjukvarukravställning)[\.\s_-],mjukvarukravställning,mjukvarukunskap,
[\s_-](mjukvarukvalitet)[\.\s_-],mjukvarukvalitet,mjukvarukunskap,
[\s_-](mjukvarulicenser)[\.\s_-],mjukvarulicenser,mjukvarukunskap,
[\s_-](mjukvarulösningar)[\.\s_-],mjukvarulösningar,mjukvarukunskap,
[\s_-](mjukvaruprodukter)[\.\s_-],mjukvaruprodukter,mjukvarukunskap,
[\s_-](mjukvaruprovning)[\.\s_-],mjukvaruprovning,mjukvarukunskap,
[\s_-](mjukvarusystem)[\.\s_-],mjukvarusystem,mjukvarukunskap,
[\s_-](mjukvaruteknik)[\.\s_-],mjukvaruteknik,mjukvarukunskap,
[\s_-](mjukvarutestning\|programvarutestning)[\.\s_-],mjukvarutestning,testning,
[\s_-](mjukvarutjänster)[\.\s_-],mjukvarutjänster,mjukvarukunskap,
[\s_-](mjukvaruuppdateringar)[\.\s_-],mjukvaruuppdateringar,mjukvarukunskap,
[\s_-](mjukvaruutveckling)[\.\s_-],mjukvaruutveckling,mjukvarukunskap,
[\s_-](mjukvaruutvecklingsmetoder)[\.\s_-],mjukvaruutvecklingsmetoder,mjukvarukunskap,
[\s_-](mjukvaruverifiering)[\.\s_-],mjukvaruverifiering,mjukvarukunskap,
[\s_-](mjukvaruverktyg)[\.\s_-],mjukvaruverktyg,mjukvarukunskap,
[\s_-](mobila\ applikationer)[\.\s_-],mobila applikationer,mobilapputveckling,
[\s_-](mobila\ enheter)[\.\s_-],mobila enheter,mobilapputveckling,
[\s_-](mobilanpassning)[\.\s_-],mobilanpassning,mobilapputveckling,
[\s_-](mobilappar)[\.\s_-],mobilappar,mobilapputveckling,
[\s_-](mobilapplikationer)[\.\s_-],mobilapplikationer,mobilapputveckling,
[\s_-](mobilapplikationsprojekt)[\.\s_-],mobilapplikationsprojekt,mobilapputveckling,
[\s_-](mobilapplikationsutveckling)[\.\s_-],mobilapplikationsutveckling,mobilapputveckling,
[\s_-](mobilappsutveckling)[\.\s_-],mobilappsutveckling,mobilapputveckling,
[\s_-](mobildesign)[\.\s_-],mobildesign,mobilapputveckling,
[\s_-](mobilspel)[\.\s_-],mobilspel,mobilapputveckling,
[\s_-](modultest)[\.\s_-],modultest,testning,
[\s_-](molnapplikationer)[\.\s_-],molnapplikationer,cloud,
[\s_-](molnarkitektur)[\.\s_-],molnarkitektur,cloud,
[\s_-](molnberäkningar)[\.\s_-],molnberäkningar,cloud,
[\s_-](molndrift)[\.\s_-],molndrift,cloud,
[\s_-](molninfrastruktur)[\.\s_-],molninfrastruktur,cloud,
[\s_-](molnlösningar\|molnmiljöer\|molnmiljöer)[\.\s_-],molnmiljöer,cloud,
[\s_-](molnteknologi\|molnteknologi)[\.\s_-],molnteknologi,cloud,
[\s_-](molnutveckling)[\.\s_-],molnutveckling,cloud,
[\s_-](mongo\|mongodb)[\.\s_-],mongodb,nosql,
[\s_-](msi\|msi\-paketering)[\.\s_-],msi-paketering,msi-paketering,
[\s_-](msql\|mssql\|mysql\|mysql__databases\|xadmysql)[\.\s_-],mysql,sql,
[\s_-](multicast)[\.\s_-],multicast,multicast,
[\s_-](mvc\|mvc__arkitektur\|mvc__modellen\|mvc__ramverk\|mvc\-ramverk\|mvc5)[\.\s_-],mvc,mvc,
[\s_-](människa\-datorinteraktion)[\.\s_-],människa-datorinteraktion,människa-datorinteraktion,
[\s_-](nas)[\.\s_-],nas,nas,
[\s_-](neo4j)[\.\s_-],neo4j,neo4j,
[\s_-](network\ security\|nätsäkerhet\|nätverkssäkerhet)[\.\s_-],network security,nework security,
[\s_-](neurala\ nätverk)[\.\s_-],neurala nätverk,neurala nätverk,
[\s_-](next\|next\ js\|next\.js\|nextjs)[\.\s_-],nextjs,nextjs,front-end utveckling
[\s_-](nginx\|ngnix)[\.\s_-],nginx,webserver,
[\s_-](nmap)[\.\s_-],nmap,nmap,
[\s_-](node\|node\.js\|nodejs\|nodes)[\.\s_-],node.js,node.js,
[\s_-](nonsql\|nosql\|nosql\|nosql\ databases\|nosql__databaser\|nosql\-databaser)[\.\s_-],nosql,nosql,
[\s_-](npm)[\.\s_-],npm,npm,
[\s_-](nvidia)[\.\s_-],nvidia,nvidia,
[\s_-](nätverk\|nätverksadministration\|nätverksanalys\|nätverksarbete\|nätverksarkitektur\|nätverksdesign\|nätverksdrift\|nätverkserfarenhet\|nätverksinfrastruktur\|nätverksinriktning\|nätverksinstallationer\|nätverkskameror\|nätverkskommunikation\|nätverkskonfiguration\|nätverkslösningar\|nätverksmiljöer\|nätverksområdet\|nätverksprodukter\|nätverkssystem\|nätverkstrafik\|nätverksunderhåll\|nätverksuppbyggnad)[\.\s_-],nätverksadministration,nätverksadministration,
[\s_-](nätverksfelsökning)[\.\s_-],nätverksfelsökning,nätverksfelsökning,
[\s_-](nätverkskunskaper)[\.\s_-],nätverkskunskaper,generellt,
[\s_-](nätverksprogrammering)[\.\s_-],nätverksprogrammering,nätverksprogrammering,
[\s_-](nätverksprotokoll)[\.\s_-],nätverksprotokoll,nätverksprotokoll,
[\s_-](nätverkssupport)[\.\s_-],nätverkssupport,nätverkssupport,
[\s_-](nätverksteknik)[\.\s_-],nätverksteknik,nätverksteknik,
[\s_-](nätverkstjänster)[\.\s_-],nätverkstjänster,nätverkstjänster,
[\s_-](nätverksutrustning)[\.\s_-],nätverksutrustning,nätverksutrustning,
[\s_-](nätverksverktyg)[\.\s_-],nätverksverktyg,nätverksverktyg,
[\s_-](nätverksvideo)[\.\s_-],nätverksvideo,nätverksvideo,
[\s_-](nätverksövervakning)[\.\s_-],nätverksövervakning,nätverksövervakning,
[\s_-](nätövervakning)[\.\s_-],nätövervakning,nätövervakning,
[\s_-](oauth)[\.\s_-],oauth,oauth,
[\s_-](oauth2)[\.\s_-],oauth2,oauth,
[\s_-](objective\ c\|objective_c\|objective\-c)[\.\s_-],objective c,objective c,
[\s_-](objective\-c\+\+)[\.\s_-],objective c++,objective c++,
[\s_-](objective\-j)[\.\s_-],objective-j,objective-j,
[\s_-](objektorienterad)[\.\s_-],objektorienterad,objektorienterad,
[\s_-](objektorienterad\ analys\ och\ design\|objektorienterad\ design)[\.\s_-],objektorienterad design,objektorienterad,
[\s_-](objektorienterad\ mjukvaruutveckling\|objektorienterad\ programmering\|objektorienterad\ systemutveckling\|objektorienterade\ språk\|objektorientering)[\.\s_-],objektorienterad programmering,objektorienterad,
[\s_-](objektorienterad\ php\|php\|php__baserade\|php__programmerare\|php__utvcklare\|php__utvecklare\|php__utveckling\|php7\|phpunit\|phy)[\.\s_-],php,php,
[\s_-](open\ source\|open\-source\|opensource\|opensource\ bibliotek\|opensource\ produkter\|opensource\ projekt\|opensource\ teknologier\|opensource\ verktyg\|öppen\ källkod)[\.\s_-],open source,open source,
[\s_-](openbsd)[\.\s_-],openbsd,openbsd,
[\s_-](opencv)[\.\s_-],opencv,opencv,
[\s_-](opengl)[\.\s_-],opengl,opengl,
[\s_-](openid)[\.\s_-],openid,openid,
[\s_-](operating\ systems\|operativsystem\|operativsystemsinstallationer)[\.\s_-],operativsystem,operativsystem,
[\s_-](optimering\|optimeringslära\|optimeringsprojekt\|optimeringsverktyg)[\.\s_-],optimering,,
[\s_-](oracle)[\.\s_-],oracle,oracle,
[\s_-](oracle\ bi)[\.\s_-],oracle bi,oracle,
[\s_-](oracle\ brm)[\.\s_-],oracle brm,oracle,
[\s_-](oracle\ data\ integrator\|oracle\ db\|oracledatabaser\|oracledb)[\.\s_-],oracledatabaser,oracle,
[\s_-](oracle\ e\-business)[\.\s_-],oracle e-business,oracle,
[\s_-](oracle\ forms)[\.\s_-],oracle forms,oracle,
[\s_-](oracle\ fusion)[\.\s_-],oracle fusion,oracle,
[\s_-](oracle\ pl)[\.\s_-],oracle pl,oracle,
[\s_-](oracle\ reports)[\.\s_-],oracle reports,oracle,
[\s_-](oracle\ warehouse\ builder)[\.\s_-],oracle warehouse builder,oracle,
[\s_-](oracle\ weblogic)[\.\s_-],oracle weblogic,oracle,
[\s_-](osi\-modellen)[\.\s_-],osi-model,osi-model,
[\s_-](pandas)[\.\s_-],pandas,pandas,
[\s_-](partitionering)[\.\s_-],partitionering,partitionering,
[\s_-](penetrationstest)[\.\s_-],penetrationstest,testning,
[\s_-](performance\ testing\|prestandatester\|prestandatestverktyg)[\.\s_-],performance testing,testning,
[\s_-](performance\ tuning)[\.\s_-],performance tuning,performance tuning,
[\s_-](perl\|perl\ 6\|perl6)[\.\s_-],perl,perl,
[\s_-](personuppgiftsbehandling\|personuppgiftshantering\|personuppgiftslagen)[\.\s_-],personuppgiftsbehandling,personuppgiftsbehandling,
[\s_-](phyton\|python\|python\ ide\|pyton)[\.\s_-],python,python,
[\s_-](pl\-sql\|sqlpl)[\.\s_-],oracle-sql,sql,
[\s_-](plpgsql\|plsql\|postgre\|postgres\|postgresql)[\.\s_-],postgresql,sql,
[\s_-](pop\|pop3)[\.\s_-],pop,pop,
[\s_-](posix)[\.\s_-],posix,operativ system,
[\s_-](postfix)[\.\s_-],postfix,postfix,
[\s_-](postgis)[\.\s_-],postgis,sql,
[\s_-](postman)[\.\s_-],postman,postman,
[\s_-](powershell\|windows\ powershell)[\.\s_-],powershell,powershell,
[\s_-](premiere\ pro)[\.\s_-],adobe premiere pro,adobe premiere pro,
[\s_-](prestandaanalys\|prestandaoptimering)[\.\s_-],perfomance,perfomance,
[\s_-](prisma)[\.\s_-],prisma,prisma,
[\s_-](product\ managers)[\.\s_-],product managers,workflow,
[\s_-](produktionstest)[\.\s_-],produktionstest,testning,
[\s_-](produktutvecklingsmetoder\|workflow\|workflows)[\.\s_-],workflow,workflow,
[\s_-](produktägarskap)[\.\s_-],produktägarskap,workflow,
[\s_-](programmering\|programmeringsarbete\|programmeringserfarenhet\|programmeringsfärdigheter\|programmeringsmetodik\|programmeringsprojekt\|programmeringsspråk\|programmeringsteknik\|programmeringsverktyg\|programming\ languages\|programspråk\|programutveckling\|programvarudesign\|programvaruutveckling)[\.\s_-],programmering,programmering,
[\s_-](programmering\ av\ robotsystem)[\.\s_-],programmering av robotsystem,programmering,
[\s_-](prototype\|prototypframtagning\|prototyping\|prototypproduktion\|prototyputveckling\|prototypverktyg)[\.\s_-],prototyping,prototyping,
[\s_-](proxy)[\.\s_-],proxy,proxy,
[\s_-](putty)[\.\s_-],putty,ssh-verktyg,
[\s_-](qlickview\|qlik__miljö\|qlik__utvecklare\|qlik_nprinting\|qlikprodukter\|qliksense\|qlikview)[\.\s_-],qlik,qlik,
[\s_-](r)[\.\s_-],r,r,
[\s_-](rabbit\ mq\|rabbitmq)[\.\s_-],rabbitmq,,
[\s_-](raid)[\.\s_-],raid,raid,
[\s_-](react\|react\|react\ js\|react\ native)[\.\s_-],react,react,front-end
[\s_-](react\.js)[\.\s_-],react native,react native,apputveckling
[\s_-](reactivex\|rx)[\.\s_-],reactivex,reactivex,
[\s_-](red\ hat\|redhat\|redhat\ enterprise)[\.\s_-],redhat,redhat,
[\s_-](redis)[\.\s_-],redis,redis,
[\s_-](redux\|redux\|redux\ es6)[\.\s_-],redux,react,front-end
[\s_-](redux\ saga)[\.\s_-],redux saga,react,front-end
[\s_-](refactoring)[\.\s_-],refactoring,generellt,
[\s_-](regressionstestning)[\.\s_-],regressionstestning,testning,
[\s_-](relational\ databases\|relationsdatabaser\|relationsdatabashantering)[\.\s_-],relational databases,relational databases,
[\s_-](release\ management\|releasehantering)[\.\s_-],release management,generellt,
[\s_-](remoteverktyg)[\.\s_-],remoteverktyg,generellt,
[\s_-](responsiv\ design\|responsiv\ webbdesign\|responsive\ design)[\.\s_-],responsiv design,design,
[\s_-](rest\|rest\ api\|rest\ api\|rest\ api:er\|rest\ api:s\|rest\ api’s\|rest\ apier\|rest\ apis\|restful)[\.\s_-],rest api,api,
[\s_-](reverse\ engineering)[\.\s_-],reverse engineering,reverse engineering,
[\s_-](reverse\ proxy)[\.\s_-],reverse proxy,reverse proxy,
[\s_-](robotprogrammering)[\.\s_-],robotprogrammering,programmering,
[\s_-](routingprotokoll)[\.\s_-],routingprotokoll,routingprotokoll,
[\s_-](ruby)[\.\s_-],ruby,ruby,
[\s_-](ruby\ on\ rails\|rubyonrails)[\.\s_-],ruby on rails,ruby on rails,
[\s_-](rust)[\.\s_-],rust,rust,
[\s_-](rxjava)[\.\s_-],rxjava,rxjava,
[\s_-](rxjs)[\.\s_-],rxjs,rsjs,
[\s_-](rxswift)[\.\s_-],rxswift,rxswift,
[\s_-](saas\-tjänster\|saashosting)[\.\s_-],saas,saas,
[\s_-](safari)[\.\s_-],safari,webbläsare,
[\s_-](saml)[\.\s_-],saml,saml,
[\s_-](saml\ 2\.0)[\.\s_-],saml 2.0,saml,
[\s_-](sampling)[\.\s_-],sampling,sampling,
[\s_-](sap\|sap__konsult\|SAP_BPC\|sap\-system)[\.\s_-],sap,sap,
[\s_-](sap\ bw)[\.\s_-],sap bw,sap,
[\s_-](sap\ data\ services)[\.\s_-],sap data services,sap,
[\s_-](sap\ netweaver)[\.\s_-],sap netweaver,sap,
[\s_-](sap\ pi)[\.\s_-],sap netweaver process integration,sap,
[\s_-](sass)[\.\s_-],sass,css,
[\s_-](scada\|scada\ system\|scada__program\|scada__programmering\|scada\-system)[\.\s_-],scada,scada,
[\s_-](scala\|scala__utvecklare)[\.\s_-],scala,scala,
[\s_-](scaled\ agile\ framework)[\.\s_-],scaled agile framework,workflow,
[\s_-](sccm\|sccm__specialister\|sccm__tekniker)[\.\s_-],sccm,sccm,
[\s_-](schellscript\|shell\|shell\ script)[\.\s_-],shell,shell,
[\s_-](scikit\-learn)[\.\s_-],scikit-learn,scikit-learn,
[\s_-](scilab)[\.\s_-],scilab,scilab,
[\s_-](scp)[\.\s_-],scp,scp,
[\s_-](script\|script\ languages\|scriptande\|scripterfarenhet\|scripthantering\|scripting\ languages\|scriptingspråk\|scriptning\|scriptprogrammering\|scripts\|scriptspråken\|skriptprogrammering\|skripts\|skriptspråk)[\.\s_-],scripting,scripting,
[\s_-](scrum)[\.\s_-],scrum,workflow,
[\s_-](scss)[\.\s_-],scss,css,
[\s_-](sekretesslagen)[\.\s_-],sekretesslagen,sekretesslagen,
[\s_-](selenium\|selenium\ webdriver)[\.\s_-],selenium,selenium,
[\s_-](seo\|sökmotoroptimering\|sökordsoptimering)[\.\s_-],seo,marknadsföring,
[\s_-](serveradministration\|serverapplikationer\|serverdrift\|servererfarenhet\|serverhall\|serverhantering\|serverhårdvara\|serverinfrastruktur\|serverinstallationer\|serverkonfiguration\|serverkunskaper\|serverlösningar\|servermiljö\|serveroperativ\|serveroperativsystem\|serverprodukter\|serverprogramvaror\|serversystem\|serverteknik\|servertjänster\|serverutrustning\|serverutveckling\|servrar)[\.\s_-],servers,servers,
[\s_-](sharepoint\|sharepoint\ lösningar\|sharepoint\ miljöer\|sharepoint\ utvecklare\|sharepoint\ utveckling\|sharepoint\-miljö\|sharepointlösningar)[\.\s_-],sharepoint,sharepoint,
[\s_-](skalbarhetsfrågor\|skalning)[\.\s_-],skalning,skalning,
[\s_-](sketch)[\.\s_-],sketch,sketch,
[\s_-](slack)[\.\s_-],slack,slack,
[\s_-](smoketester)[\.\s_-],smoketester,testning,
[\s_-](smtp)[\.\s_-],smtp,smtp,
[\s_-](socketio)[\.\s_-],socketio,socketio,
[\s_-](splunk)[\.\s_-],splunk,splunk,
[\s_-](sql\|sql\ databaser\|sql\ databases\|sql\ kunskaper\|sql\ loader\|sql\ programmering\|sql\ server\|sql\ server\ integration\ services\|sql\ språk\|sql\-databaser\|sql\-script\|sql\-server)[\.\s_-],sql,sql,
[\s_-](sqlite)[\.\s_-],sqlite,sql,
[\s_-](superanvändare\|superuser)[\.\s_-],os-admin,generellt,
[\s_-](svg)[\.\s_-],svg,svg,
[\s_-](swagger)[\.\s_-],swagger,swagger,
[\s_-](swift)[\.\s_-],swift,swift,
[\s_-](systemintegrationstester)[\.\s_-],integrations tester,testning,
[\s_-](systemtest\|systemtestarbete)[\.\s_-],system test,testning,
[\s_-](sökmotorannonsering\|sökmotormarknadsföring)[\.\s_-],sem,sem,
[\s_-](t__sql\|transact\|transact\ sql\|tsql)[\.\s_-],transact sql,sql,
[\s_-](tensorflow)[\.\s_-],tensorflow,tensorflow,
[\s_-](terminal)[\.\s_-],terminal,terminal,
[\s_-](test\ planning\|testarbete\|tester\|testerfarenhet\|testexekvering\|testfallsutveckling\|testfrågor\|testgenomförande\|testinstruktioner\|testkunskaper\|testkörning\|testledning\|testlink\|testmanagementverktyg\|testmetoder\|testmetodik\|testmiljöer\|testmjukvara\|testng\|testning\|testning\ av\ mjukvara\|testområdet\|testplanering\|testprocessen\|testprogram\|testprojekt\|testrail\|testramverk\|testrapportering\|testspecifikationer\|teststand\|teststrategi\|testsystem\|testsäkring\|testteknik\|testtäckning\|testutförande\|testutrustning\|testutveckling\|testverksamhet\|testverktyg)[\.\s_-],testning,testning,
[\s_-](testanalys)[\.\s_-],testanalys,testning,
[\s_-](testdatadesign)[\.\s_-],testdatadesign,testning,
[\s_-](testdatahantering)[\.\s_-],testdatahantering,testning,
[\s_-](testdesign\|testfallsdesign)[\.\s_-],testdesign,testning,
[\s_-](testdokumentation)[\.\s_-],testdokumentation,testning,
[\s_-](testdriven\ utveckling)[\.\s_-],testdriven utveckling,workflow,
[\s_-](testverktyget\ selenium)[\.\s_-],selenium testning,testning,
[\s_-](three\.js)[\.\s_-],three.js,three.js,
[\s_-](trello)[\.\s_-],trello,trello,
[\s_-](typescript)[\.\s_-],typescript,typescript,
[\s_-](ubuntu)[\.\s_-],ubuntu,ubuntu,
[\s_-](udp)[\.\s_-],udp,udp,nätverksadministration
[\s_-](ui\-design)[\.\s_-],ui-design,design,
[\s_-](ui\-tester)[\.\s_-],ui-tester,testning,
[\s_-](uml\|uml\-modellering)[\.\s_-],uml,uml,
[\s_-](unit\ testing\|unit\-testing)[\.\s_-],unit testing,testning,
[\s_-](unit\ tests)[\.\s_-],unit tests,testning,
[\s_-](unity\|unity3d)[\.\s_-],unity,gameengine,
[\s_-](unix\|unix\ shell\|unix\-administration\|unix\-miljöer\|unix\-plattformar\|unix\-system)[\.\s_-],unix,unix,
[\s_-](unreal\|unreal\ engine)[\.\s_-],unreal engine,unreal engine,
[\s_-](unrealscript)[\.\s_-],unrealscript,unreal engine,
[\s_-](user\ experience\|ux\|ux\-utveckling)[\.\s_-],ux design,ux design,
[\s_-](user\ interface)[\.\s_-],ui,ui,
[\s_-](user\ test)[\.\s_-],user test,testning,
[\s_-](validering\|valideringsarbete\|valideringsverksamhet)[\.\s_-],validering,validering,
[\s_-](vb__script\|vb__skripting\|visual\ basic\|visual\ basic\|visual\ basic\|visualbasic)[\.\s_-],visual basic,visual basic,
[\s_-](vb\.net\|visual\ basic\ \.net\|visual\ basic\.net\|visual\ studio\.net)[\.\s_-],visual basic .net,visual basic .net,
[\s_-](version\ control\|versionering\|versioning\|versions\|versionshantering\|versionshanteringsprogram\|versionshanteringssystem\|versionshanteringssystemen\|versionshanteringsverktyg\|versionskontroll\|versionskontrollsystem\|versionsuppdateringar\|versionsverktyg)[\.\s_-],versionhantering,versionhantering,
[\s_-](vim\ script\|vim\ snippet)[\.\s_-],vim,vim,
[\s_-](virtualisering\|virtualiseringslösningar\|virtualiseringsteknik\|virtualization\|virtuell\ servermiljö)[\.\s_-],virtualisering,virtualisering,
[\s_-](visual\ studio\|visual_studio\|visualstudio)[\.\s_-],visual studio,ide,
[\s_-](vm\ ware\|vmware\|vmware\ esx\|vmware\ vsphere)[\.\s_-],vmware,virtual machine,
[\s_-](voip)[\.\s_-],voip,voip,
[\s_-](vpn\|vpn\ problem\|vpn\-lösningar)[\.\s_-],vpn,vpn,
[\s_-](vr)[\.\s_-],virtual reality,virtual reality,
[\s_-](vue\|vue\.js\|vuejs)[\.\s_-],vue,vue,
[\s_-](w3c)[\.\s_-],w3c,w3c,
[\s_-](web\ content\ accessibility\ guidelines)[\.\s_-],wcag,wcag,
[\s_-](webassembly)[\.\s_-],webassembly,webassembly,
[\s_-](webbadministration)[\.\s_-],webbadministration,,
[\s_-](webbtestning)[\.\s_-],webbtestning,testning,
[\s_-](webservers)[\.\s_-],webservers,webservers,
[\s_-](websocket\|websockets)[\.\s_-],websockets,websockets,
[\s_-](wi\-fi)[\.\s_-],wifi,wifi,
[\s_-](windows\ 7\|windows\ desktop\|windows\ klient\|windows\ os\|windows\-applikationer\|windows\-plattformar\|windows365\|windowsadministration\|windowsmiljöer\|windowsutveckling)[\.\s_-],windows,windows,
[\s_-](windows\ server)[\.\s_-],windows server,windows server,
[\s_-](wireshark)[\.\s_-],wireshark,wireshark,
[\s_-](wmware\|wmware)[\.\s_-],wmware,virtual machine,
[\s_-](wordpress\|wordpressutveckling\|wp)[\.\s_-],wordpress,wordpress,
[\s_-](wowza)[\.\s_-],wowza,,
[\s_-](wpf)[\.\s_-],windows presentation foundation,,
[\s_-](xadnode\.js)[\.\s_-],xadnode.js,javascript,
[\s_-](xcode)[\.\s_-],xcode,apputveckling,apputveckling
[\s_-](xlpm)[\.\s_-],Excellence in Project Management,framework,
[\s_-](xmi)[\.\s_-],xml metadata interchange,standard,
[\s_-](xml\|xml\ based\|xml\ baserade\|xml\-format\|xml\-schema\|xmlprogrammering)[\.\s_-],xml,xml,
[\s_-](xna)[\.\s_-],microsoft xna,plattform,
[\s_-](xpath)[\.\s_-],xpath,xpath,
[\s_-](yarn)[\.\s_-],yarn,yarn,
[\s_-](zephir)[\.\s_-],zephir,programming language,
[\s_-](zeromq)[\.\s_-],zeromq,concurrency framework,
[\s_-](zod)[\.\s_-],zod,zod,
[\s_-](zos)[\.\s_-],z/OS,operativsystem,
